,선수명,경기수,전체 출전시간,득점 전체,득점 평균,2점슛 성공,2점슛 시도,2점슛 성공률,3점슛 성공,3점슛 시도,3점슛 성공률,자유투 성공,자유투 시도,자유투 성공률,공격 리바운드,수비 리바운드,평균 리바운드,전체 어시스트,평균 어시스트,스틸,블록,덩크슛 성공,덩크슛 시도,파울(자유튜유),파울(자유투무),테크니컬 파울,굿디펜스,속공,FBF,턴오버,팀 리바운드,팀 턴오버,대회년도,대학교_건국대학교,대학교_경희대학교,대학교_고려대학교,대학교_단국대학교,대학교_동국대학교,대학교_명지대학교,대학교_상명대학교,대학교_성균관대학교,대학교_연세대학교,대학교_조선대학교,대학교_중앙대학교,대학교_한양대학교,EFF,키
0,강병진,4,3255,6,1.5,3,9,0.333333333,0,8,0.0,0,1,0.0,2,2,1.0,1,0.25,0,0,0,0,0,3,0,2,0,0,4,0,0,2010,1,0,0,0,0,0,0,0,0,0,0,0,81,193.0
1,강상재,13,21706,202,15.53846154,74,140,0.528571429,13,33,0.393939394,15,21,0.714285714,30,65,7.307692308,22,1.692307692,15,15,0,0,6,24,0,12,10,1,34,2,0,2016,0,0,1,0,0,0,0,0,0,0,0,0,807,200.0
2,강우형,8,15434,59,7.375,19,22,0.863636364,5,10,0.5,6,7,0.857142857,22,37,7.375,14,1.75,3,2,0,0,8,13,0,10,0,0,12,0,0,2006,0,1,0,0,0,0,0,0,0,0,0,0,44,191.0
3,강은식,4,5915,61,15.25,24,42,0.571428571,0,1,0.0,13,17,0.764705882,12,21,8.25,8,2.0,6,4,0,0,6,10,0,11,0,0,10,0,0,2004,0,0,0,0,0,0,0,0,0,0,0,1,90,198.0
4,강준구,5,8734,56,11.2,9,18,0.5,11,29,0.379310345,5,6,0.833333333,1,13,2.8,5,1.0,2,0,0,0,5,5,0,2,0,0,11,0,0,2001,0,0,0,0,0,0,0,0,0,0,0,1,8,185.0
5,강호연,5,7989,72,14.4,13,22,0.590909091,13,35,0.371428571,7,7,1.0,6,12,3.6,0,0.0,5,2,0,0,4,7,0,6,3,0,5,7,1,2015,0,0,0,0,0,1,0,0,0,0,0,0,102,188.0
6,곽동기,4,8641,77,19.25,29,52,0.557692308,2,7,0.285714286,13,17,0.764705882,9,15,6.0,4,1.0,4,3,0,0,8,2,0,0,0,0,15,5,3,2019,0,0,0,0,0,0,1,0,0,0,0,0,185,193.0
7,곽정훈,3,6505,38,12.66666667,10,16,0.625,4,18,0.222222222,6,7,0.857142857,3,24,9.0,12,4.0,6,3,0,0,3,8,0,0,2,3,14,0,0,2020,0,0,0,0,0,0,1,0,0,0,0,0,53,187.0
8,권성진,4,7994,39,9.75,10,25,0.4,6,28,0.214285714,1,2,0.5,5,15,5.0,8,2.0,2,0,0,0,5,3,0,2,5,3,7,2,0,2018,0,1,0,0,0,0,0,0,0,0,0,0,125,180.0
9,권시현,5,7173,64,12.8,19,37,0.513513514,5,20,0.25,11,13,0.846153846,7,13,4.0,16,3.2,2,0,0,0,6,4,0,2,3,2,15,1,0,2018,0,0,0,1,0,0,0,0,0,0,0,0,297,184.0
10,권혁준,16,32925,216,13.5,56,133,0.421052632,23,60,0.383333333,35,43,0.813953488,29,60,5.5625,69,4.3125,29,1,0,0,13,18,0,2,20,13,41,18,3,2019,0,1,0,0,0,0,0,0,0,0,0,0,145,180.0
11,기승호,5,11231,84,16.8,29,52,0.557692308,5,17,0.294117647,11,15,0.733333333,25,29,10.8,6,1.2,3,2,0,0,5,11,0,3,0,0,13,0,0,2007,0,0,0,0,1,0,0,0,0,0,0,0,668,194.0
12,김강선,4,7821,88,22.0,20,29,0.689655172,11,28,0.392857143,15,18,0.833333333,3,5,2.0,3,0.75,7,0,0,0,4,11,0,5,0,0,5,0,0,2008,0,0,0,0,1,0,0,0,0,0,0,0,541,190.0
13,김경수,3,6051,39,13.0,6,16,0.375,7,14,0.5,6,7,0.857142857,3,8,3.666666667,2,0.666666667,2,0,0,0,3,4,0,6,3,2,10,8,3,2012,0,0,0,0,0,0,1,0,0,0,0,0,114,185.0
14,김경원,16,25677,216,13.5,95,142,0.669014085,3,13,0.230769231,17,32,0.53125,77,95,10.75,24,1.5,20,33,0,0,22,9,0,1,5,1,21,5,1,2019,0,0,0,0,0,0,0,0,1,0,0,0,66,198.0
15,김광철,15,24770,173,11.53333333,55,116,0.474137931,8,30,0.266666667,39,48,0.8125,30,47,5.133333333,20,1.333333333,23,4,0,0,22,20,0,14,12,1,42,7,4,2016,0,0,0,0,1,0,0,0,0,0,0,0,109,184.0
16,김국찬,14,22911,208,14.85714286,42,82,0.512195122,33,87,0.379310345,25,34,0.735294118,34,62,6.857142857,53,3.785714286,22,10,3,3,11,14,0,1,11,6,26,1,1,2017,0,0,0,0,0,0,0,0,0,0,1,0,560,190.0
17,김기만,7,8869,67,9.571428571,14,28,0.5,11,22,0.5,6,12,0.5,7,7,2.0,3,0.428571429,9,1,0,0,7,12,0,3,1,0,8,0,0,1999,0,0,1,0,0,0,0,0,0,0,0,0,241,192.0
18,김기성,22,45712,383,17.40909091,109,210,0.519047619,49,120,0.408333333,18,22,0.818181818,37,63,4.545454545,81,3.681818182,29,0,0,0,28,31,0,10,33,9,62,12,0,2012,0,0,0,0,0,1,0,0,0,0,0,0,11,183.0
19,김기윤,16,19409,124,7.75,31,60,0.516666667,16,38,0.421052632,14,17,0.823529412,8,25,2.0625,38,2.375,16,0,0,0,3,28,0,6,13,0,18,8,0,2014,0,0,0,0,0,0,0,0,1,0,0,0,654,180.0
20,김낙현,16,31427,223,13.9375,55,110,0.5,28,87,0.32183908,29,34,0.852941176,14,70,5.25,60,3.75,32,3,0,0,12,17,0,3,10,4,29,22,5,2017,0,0,1,0,0,0,0,0,0,0,0,0,1064,184.0
21,김도수,4,8016,75,18.75,22,33,0.666666667,8,25,0.32,7,10,0.7,9,8,4.25,5,1.25,6,1,0,0,8,3,0,2,0,0,7,0,0,2003,0,1,0,0,0,0,0,0,0,0,0,0,497,194.5
22,김동우,3,2248,9,3.0,1,3,0.333333333,1,2,0.5,4,8,0.5,2,4,2.0,4,1.333333333,2,0,0,0,0,0,0,0,1,0,2,0,0,2021,0,0,0,1,0,0,0,0,0,0,0,0,638,190.0
23,김동욱,3,5582,29,9.666666667,5,10,0.5,6,22,0.272727273,1,2,0.5,8,12,6.666666667,0,0.0,4,1,0,0,1,6,0,1,0,1,2,1,0,2013,0,0,0,0,1,0,0,0,0,0,0,0,316,194.0
24,김동준,3,5728,55,18.33333333,22,34,0.647058824,1,10,0.1,8,9,0.888888889,4,10,4.666666667,14,4.666666667,6,0,0,0,3,2,0,0,7,3,4,0,0,2021,0,1,0,0,0,0,0,0,0,0,0,0,31,175.2
25,김동희,3,6153,66,22.0,14,29,0.482758621,9,24,0.375,11,15,0.733333333,8,10,6.0,3,1.0,6,0,0,0,6,3,0,5,2,1,6,0,0,2015,0,0,0,0,0,0,0,0,0,1,0,0,76,186.0
26,김두현,5,8758,49,9.8,20,29,0.689655172,2,13,0.153846154,3,5,0.6,7,8,3.0,3,0.6,6,0,0,0,4,7,0,4,0,0,0,0,0,2002,0,0,1,0,0,0,0,0,0,0,0,0,110,188.0
27,김명진,22,47547,308,14.0,82,148,0.554054054,36,111,0.324324324,36,54,0.666666667,22,53,3.409090909,90,4.090909091,65,3,0,0,44,32,0,29,26,12,55,6,1,2011,0,0,0,1,0,0,0,0,0,0,0,0,281,177.0
28,김무성,16,18623,142,8.875,32,60,0.533333333,19,55,0.345454545,21,23,0.913043478,16,25,2.5625,35,2.1875,12,1,0,0,7,25,0,4,14,3,17,13,1,2019,0,0,0,0,0,0,0,0,1,0,0,0,20,184.0
29,김민구,5,9564,70,14.0,16,30,0.533333333,11,25,0.44,5,7,0.714285714,7,16,4.6,36,7.2,11,1,0,0,6,12,0,6,9,1,21,0,0,2013,0,1,0,0,0,0,0,0,0,0,0,0,959,191.0
30,김민섭,4,8702,64,16.0,15,24,0.625,8,24,0.333333333,10,13,0.769230769,1,25,6.5,1,0.25,0,2,0,0,6,3,0,4,0,0,13,0,0,2010,0,0,0,0,0,0,0,1,0,0,0,0,222,194.0
31,김민욱,17,19182,198,11.64705882,82,135,0.607407407,0,1,0.0,34,45,0.755555556,35,59,5.529411765,19,1.117647059,1,27,0,0,13,9,0,3,9,1,23,0,0,2012,0,0,0,0,0,0,0,0,1,0,0,0,116,205.0
32,김봉수,5,9438,61,12.2,22,39,0.564102564,1,1,1.0,14,18,0.777777778,20,21,8.2,7,1.4,5,6,0,0,7,8,0,4,0,0,11,0,0,2006,0,0,0,0,0,1,0,0,0,0,0,0,159,199.0
33,김상규,22,52523,590,26.81818182,186,308,0.603896104,21,61,0.344262295,155,209,0.741626794,112,203,14.31818182,54,2.454545455,24,13,0,0,21,14,0,20,25,11,70,45,11,2012,0,0,0,1,0,0,0,0,0,0,0,0,464,201.0
34,김상영,4,6394,28,7.0,4,9,0.444444444,5,14,0.357142857,5,8,0.625,2,14,4.0,2,0.5,8,0,0,0,5,5,0,3,0,0,8,0,0,2003,0,0,0,0,0,0,0,0,0,0,1,0,118,190.0
35,김선형,5,8389,69,13.8,28,45,0.622222222,4,15,0.266666667,1,3,0.333333333,12,7,3.8,15,3.0,15,2,0,0,3,7,0,5,0,0,2,0,0,2010,0,0,0,0,0,0,0,0,0,0,1,0,933,187.0
36,김성민,4,8747,46,11.5,12,28,0.428571429,4,25,0.16,10,13,0.769230769,7,14,5.25,12,3.0,3,0,0,0,9,5,0,0,1,2,13,2,0,2018,0,0,0,0,0,0,1,0,0,0,0,0,135,178.0
37,김성현,6,12582,103,17.16666667,27,55,0.490909091,14,46,0.304347826,7,8,0.875,7,14,3.5,3,0.5,8,1,0,0,7,7,0,7,0,0,9,0,0,2003,0,0,0,0,0,0,0,0,0,0,0,1,56,190.0
38,김세창,6,13181,85,14.16666667,17,43,0.395348837,15,32,0.46875,6,7,0.857142857,5,18,3.833333333,42,7.0,12,1,0,0,1,10,0,1,12,5,22,6,4,2019,0,0,0,0,0,0,0,0,0,0,1,0,192,183.0
39,김수찬,3,6111,44,14.66666667,15,25,0.6,2,9,0.222222222,8,12,0.666666667,6,10,5.333333333,7,2.333333333,5,1,1,1,1,5,0,0,4,0,5,0,0,2014,0,0,0,0,0,1,0,0,0,0,0,0,157,188.0
40,김수환,3,6252,73,24.33333333,13,25,0.52,11,27,0.407407407,14,14,1.0,2,9,3.666666667,6,2.0,6,2,0,0,1,6,0,0,3,2,5,2,0,2021,0,0,0,0,0,0,0,1,0,0,0,0,3,188.4
41,김승민,6,10184,48,8.0,13,22,0.590909091,4,17,0.235294118,10,13,0.769230769,5,28,5.5,3,0.5,4,0,0,0,8,8,0,5,0,0,10,0,0,2003,0,0,0,0,0,0,0,0,0,0,0,1,74,192.0
42,김승준,4,4831,25,6.25,3,15,0.2,5,20,0.25,4,4,1.0,4,8,3.0,2,0.5,4,0,0,0,1,3,0,0,0,1,6,0,0,2016,0,0,0,0,1,0,0,0,0,0,0,0,79,190.0
43,김승찬,3,4510,21,7.0,6,9,0.666666667,1,10,0.1,6,8,0.75,2,2,1.333333333,2,0.666666667,2,0,0,0,3,3,0,2,0,0,5,0,0,2010,0,0,0,0,0,1,0,0,0,0,0,0,343,183.0
44,김시래,22,50342,365,16.59090909,106,228,0.464912281,28,78,0.358974359,69,86,0.802325581,45,84,5.863636364,167,7.590909091,52,3,0,0,29,41,0,25,29,10,109,74,9,2011,0,0,0,0,0,1,0,0,0,0,0,0,738,178.0
45,김영수,5,9841,46,9.2,11,17,0.647058824,3,11,0.272727273,15,23,0.652173913,2,5,1.4,6,1.2,3,0,0,0,3,9,0,5,0,0,14,0,0,2006,0,0,0,0,0,1,0,0,0,0,0,0,398,177.0
46,김영환,4,8875,66,16.5,15,23,0.652173913,8,16,0.5,12,15,0.8,11,17,7.0,3,0.75,4,0,0,0,3,11,0,2,0,0,6,0,0,2004,0,0,1,0,0,0,0,0,0,0,0,0,517,196.0
47,김영훈,3,5159,38,12.66666667,4,6,0.666666667,9,30,0.3,3,5,0.6,3,7,3.333333333,0,0.0,3,0,0,0,6,3,0,2,2,0,4,0,0,2014,0,0,0,0,1,0,0,0,0,0,0,0,152,190.0
48,김우람,6,8218,47,7.833333333,16,22,0.727272727,4,14,0.285714286,3,3,1.0,5,3,1.333333333,3,0.5,4,0,0,0,9,9,0,11,0,0,8,0,0,2010,0,1,0,0,0,0,0,0,0,0,0,0,531,184.0
49,김우재,4,6545,37,9.25,16,37,0.432432432,0,1,0.0,5,5,1.0,7,13,5.0,5,1.25,1,1,0,0,2,3,0,0,3,1,6,0,0,2017,0,0,0,0,0,0,0,0,0,0,1,0,52,196.0
50,김윤,15,18806,64,4.266666667,8,28,0.285714286,13,46,0.282608696,9,14,0.642857143,11,28,2.6,15,1.0,13,1,0,0,11,13,0,2,4,6,11,9,0,2017,0,0,1,0,0,0,0,0,0,0,0,0,48,187.0
51,김윤태,20,41138,289,14.45,61,132,0.462121212,40,131,0.305343511,47,60,0.783333333,34,46,4.0,70,3.5,43,6,0,0,24,29,0,10,24,13,59,43,7,2012,0,0,0,0,1,0,0,0,0,0,0,0,436,180.0
52,김일중,4,6949,31,7.75,8,16,0.5,3,5,0.6,6,10,0.6,2,15,4.25,2,0.5,4,2,0,0,8,10,0,4,0,0,6,0,0,2010,0,0,0,0,0,0,0,1,0,0,0,0,476,197.0
53,김재영,6,8626,33,5.5,7,13,0.538461538,5,17,0.294117647,4,8,0.5,6,5,1.833333333,3,0.5,6,1,0,0,6,10,0,3,0,0,8,0,0,2007,0,1,0,0,0,0,0,0,0,0,0,0,65,187.1
54,김정윤,4,4332,50,12.5,3,6,0.5,13,31,0.419354839,5,8,0.625,3,3,1.5,1,0.25,3,0,0,0,5,1,0,2,0,0,1,0,0,2005,0,0,0,1,0,0,0,0,0,0,0,0,0,186.0
55,김종근,4,7920,34,8.5,12,19,0.631578947,2,14,0.142857143,4,5,0.8,3,9,3.0,9,2.25,5,0,0,0,7,5,0,7,0,0,8,0,0,2008,0,0,0,0,1,0,0,0,0,0,0,0,204,181.0
56,김종범,3,3703,18,6.0,5,14,0.357142857,2,10,0.2,2,4,0.5,2,5,2.333333333,3,1.0,1,0,0,0,3,1,0,0,2,1,1,0,0,2012,0,0,0,0,1,0,0,0,0,0,0,0,283,190.0
57,김종학,6,10374,64,10.66666667,27,50,0.54,0,2,0.0,10,13,0.769230769,10,18,4.666666667,5,0.833333333,0,5,0,0,10,10,0,4,0,0,9,0,0,2000,0,0,0,0,0,0,0,0,0,0,0,1,231,196.0
58,김종호,3,4995,36,12.0,9,15,0.6,4,16,0.25,6,7,0.857142857,1,14,5.0,9,3.0,1,0,0,0,1,4,0,1,1,0,6,0,0,2021,0,0,0,0,1,0,0,0,0,0,0,0,23,184.4
59,김종훈,3,5325,9,3.0,3,8,0.375,1,9,0.111111111,0,1,0.0,3,5,2.666666667,4,1.333333333,1,0,0,0,4,4,0,0,1,1,3,3,0,2021,0,0,0,0,0,1,0,0,0,0,0,0,4,190.0
60,김주성,4,9404,54,13.5,9,27,0.333333333,10,22,0.454545455,6,6,1.0,2,4,1.5,8,2.0,6,0,0,0,4,8,0,4,3,0,8,6,1,2013,0,0,0,0,0,0,1,0,0,0,0,0,1343,205.0
61,김준형,3,4276,21,7.0,8,15,0.533333333,1,4,0.25,2,2,1.0,8,6,4.666666667,3,1.0,1,0,0,0,8,3,0,1,0,0,3,0,0,2020,0,0,0,0,0,0,0,0,0,1,0,0,220,201.0
62,김중길,4,8261,39,9.75,16,20,0.8,0,4,0.0,7,10,0.7,6,19,6.25,2,0.5,3,2,0,0,6,5,0,4,0,0,3,0,0,2000,0,1,0,0,0,0,0,0,0,0,0,0,70,196.0
63,김지웅,14,30807,154,11.0,31,65,0.476923077,22,62,0.35483871,26,34,0.764705882,25,54,5.642857143,32,2.285714286,23,3,0,0,34,22,0,17,13,4,27,0,3,2013,0,0,0,0,0,1,0,0,0,0,0,0,172,183.0
64,김지후,16,22605,192,12.0,37,57,0.649122807,37,99,0.373737374,7,9,0.777777778,8,37,2.8125,17,1.0625,13,2,0,0,6,19,0,4,18,5,16,0,0,2014,0,0,1,0,0,0,0,0,0,0,0,0,503,187.0
65,김진유,12,22216,196,16.33333333,65,133,0.488721805,13,55,0.236363636,27,44,0.613636364,29,54,6.916666667,22,1.833333333,25,2,0,0,9,23,0,10,10,3,35,8,1,2016,1,0,0,0,0,0,0,0,0,0,0,0,244,188.0
66,김창모,5,2787,14,2.8,5,8,0.625,0,1,0.0,4,4,1.0,2,4,1.2,3,0.6,1,1,0,0,0,2,0,0,2,0,3,2,0,2013,0,0,0,0,0,0,0,0,1,0,0,0,155,190.0
67,김태술,6,12277,100,16.66666667,28,55,0.509090909,10,20,0.5,14,19,0.736842105,6,12,3.0,21,3.5,13,2,0,0,7,9,0,2,0,0,7,0,0,2006,0,0,0,0,0,0,0,0,1,0,0,0,932,180.0
68,김태완,3,1014,3,1.0,1,3,0.333333333,0,1,0.0,1,2,0.5,0,3,1.0,2,0.666666667,1,0,0,0,0,1,0,0,1,0,3,1,0,2021,0,0,1,0,0,0,0,0,0,0,0,0,69,200.0
69,김태주,6,4666,7,1.166666667,2,6,0.333333333,1,9,0.111111111,0,2,0.0,1,7,1.333333333,5,0.833333333,2,1,0,0,4,6,0,1,0,0,4,0,0,2007,0,0,1,0,0,0,0,0,0,0,0,0,213,182.0
70,김태형,4,6557,27,6.75,5,14,0.357142857,2,9,0.222222222,11,15,0.733333333,2,7,2.25,3,0.75,3,0,0,0,3,2,0,4,0,0,9,0,0,2010,0,0,0,0,0,0,0,1,0,0,0,0,69,185.0
71,김태홍,4,9089,58,14.5,15,20,0.75,9,20,0.45,1,4,0.25,2,16,4.5,2,0.5,1,7,0,0,7,2,0,1,0,0,7,0,0,2010,0,0,1,0,0,0,0,0,0,0,0,0,396,193.0
72,김태환,4,8224,28,7.0,6,18,0.333333333,4,13,0.307692308,4,4,1.0,3,4,1.75,6,1.5,7,0,0,0,5,3,0,4,0,0,17,0,0,2007,0,0,0,1,0,0,0,0,0,0,0,0,6,175.0
73,김한솔,4,7815,57,14.25,26,52,0.5,0,1,0.0,5,10,0.5,16,18,8.5,7,1.75,3,1,0,0,4,8,0,0,2,1,10,0,0,2018,0,0,0,0,0,0,1,0,0,0,0,0,67,197.0
74,김현민,3,6085,46,15.33333333,15,27,0.555555556,1,3,0.333333333,13,21,0.619047619,12,20,10.66666667,1,0.333333333,2,5,0,0,9,5,0,9,0,0,3,0,0,2010,0,0,0,1,0,0,0,0,0,0,0,0,188,199.0
75,김현중,2,2773,17,8.5,6,9,0.666666667,1,2,0.5,2,2,1.0,1,6,3.5,5,2.5,0,1,0,0,2,3,0,0,0,0,12,0,0,2002,0,0,0,0,1,0,0,0,0,0,0,0,51,180.0
76,김현호,6,10024,54,9.0,19,36,0.527777778,2,13,0.153846154,10,18,0.555555556,3,10,2.166666667,5,0.833333333,4,0,0,0,10,9,0,5,0,0,15,0,0,2008,0,0,0,0,0,0,0,0,1,0,0,0,219,184.0
77,김형묵,4,5651,28,7.0,2,6,0.333333333,7,15,0.466666667,3,4,0.75,5,4,2.25,1,0.25,5,0,0,0,4,5,0,4,0,0,5,0,0,2010,1,0,0,0,0,0,0,0,0,0,0,0,274,187.0
78,김훈,7,8270,44,6.285714286,7,11,0.636363636,9,40,0.225,3,5,0.6,12,18,4.285714286,3,0.428571429,7,3,0,0,8,6,0,3,2,0,6,1,0,2016,0,0,0,0,0,0,0,0,1,0,0,0,894,193.0
79,남궁준수,4,4059,12,3.0,4,9,0.444444444,0,3,0.0,4,6,0.666666667,3,11,3.5,0,0.0,2,1,0,0,6,1,0,5,0,0,1,0,0,2008,0,0,0,0,1,0,0,0,0,0,0,0,439,198.0
80,남영길,3,6095,32,10.66666667,4,7,0.571428571,6,20,0.3,6,6,1.0,6,10,5.333333333,6,2.0,0,2,0,0,2,6,0,0,5,0,2,4,0,2017,0,0,0,0,0,0,1,0,0,0,0,0,153,187.0
81,노경석,4,8493,66,16.5,14,26,0.538461538,8,22,0.363636364,14,21,0.666666667,7,15,5.5,7,1.75,7,0,0,0,7,9,0,4,0,0,10,0,0,2005,1,0,0,0,0,0,0,0,0,0,0,0,287,188.0
82,노승준,17,30216,237,13.94117647,86,162,0.530864198,10,32,0.3125,35,60,0.583333333,59,109,9.882352941,13,0.764705882,9,1,0,0,29,25,0,10,21,5,31,0,0,2011,0,0,1,0,0,0,0,0,0,0,0,0,410,196.0
83,두경민,16,30086,286,17.875,61,114,0.535087719,45,129,0.348837209,29,36,0.805555556,15,35,3.125,50,3.125,17,1,0,0,16,28,0,18,32,12,42,27,3,2013,0,1,0,0,0,0,0,0,0,0,0,0,880,184.0
84,류영환,4,7910,43,10.75,13,28,0.464285714,1,5,0.2,14,19,0.736842105,13,12,6.25,3,0.75,3,4,0,0,4,6,0,4,2,0,11,7,0,2015,1,0,0,0,0,0,0,0,0,0,0,0,75,194.0
85,류지석,9,16736,82,9.111111111,37,83,0.445783133,0,1,0.0,8,21,0.380952381,24,47,7.888888889,2,0.222222222,7,6,0,0,11,11,0,10,0,0,21,0,0,2015,0,0,0,0,0,0,1,0,0,0,0,0,45,198.0
86,맹상훈,3,3440,18,6.0,2,3,0.666666667,4,8,0.5,2,2,1.0,3,5,2.666666667,3,1.0,1,0,0,0,1,5,0,0,0,0,4,1,1,2016,0,1,0,0,0,0,0,0,0,0,0,0,86,180.6
87,문상옥,6,12843,110,18.33333333,26,67,0.388059701,18,61,0.295081967,4,4,1.0,5,21,4.333333333,18,3.0,14,4,0,0,4,7,0,0,11,8,8,4,1,2019,0,0,0,0,0,0,0,0,0,0,1,0,21,190.0
88,문성곤,5,9035,53,10.6,9,15,0.6,8,32,0.25,11,13,0.846153846,10,22,6.4,6,1.2,5,6,0,0,9,7,0,7,2,1,14,0,0,2015,0,0,1,0,0,0,0,0,0,0,0,0,328,196.0
89,문형준,5,6590,14,2.8,5,17,0.294117647,1,5,0.2,1,2,0.5,6,11,3.4,3,0.6,4,0,0,0,5,11,0,5,0,0,7,0,0,2008,0,0,0,1,0,0,0,0,0,0,0,0,142,178.8
90,박경상,16,17412,122,7.625,22,36,0.611111111,17,43,0.395348837,27,30,0.9,20,37,3.5625,30,1.875,14,1,0,0,7,11,0,12,9,5,29,6,4,2012,0,0,0,0,0,0,0,0,1,0,0,0,619,178.0
91,박광재,5,7007,58,11.6,18,27,0.666666667,5,11,0.454545455,7,9,0.777777778,8,30,7.6,5,1.0,2,3,0,0,7,5,0,2,0,0,7,0,0,2002,0,0,0,0,0,0,0,0,1,0,0,0,236,195.0
92,박래훈,22,38765,266,12.09090909,55,99,0.555555556,40,133,0.30075188,36,48,0.75,18,68,3.909090909,60,2.727272727,40,7,0,0,16,27,0,17,24,14,38,27,3,2011,0,1,0,0,0,0,0,0,0,0,0,0,446,188.7
93,박민우,3,2752,16,5.333333333,6,10,0.6,1,2,0.5,1,5,0.2,9,8,5.666666667,4,1.333333333,1,1,0,0,2,1,0,0,0,1,3,0,0,2020,0,0,1,0,0,0,0,0,0,0,0,0,54,196.9
94,박민혁,16,23725,134,8.375,37,78,0.474358974,12,48,0.25,24,38,0.631578947,18,17,2.1875,4,0.25,19,2,0,0,19,20,0,13,14,4,15,11,1,2014,1,0,0,0,0,0,0,0,0,0,0,0,70,187.0
95,박범재,4,7213,72,18.0,16,36,0.444444444,10,28,0.357142857,10,12,0.833333333,10,4,3.5,1,0.25,2,0,0,0,1,7,0,0,0,0,11,0,0,2005,0,0,0,0,1,0,0,0,0,0,0,0,198,191.0
96,박병규,5,5173,25,5.0,5,20,0.25,4,12,0.333333333,3,6,0.5,3,6,1.8,3,0.6,5,0,0,0,10,6,0,1,0,0,2,0,0,2009,0,1,0,0,0,0,0,0,0,0,0,0,392,189.0
97,박병우,20,26488,209,10.45,54,84,0.642857143,27,77,0.350649351,20,34,0.588235294,15,31,2.3,50,2.5,39,1,0,0,17,37,0,13,22,7,25,20,1,2011,0,0,0,0,0,0,0,0,0,0,1,0,331,186.0
98,박상권,3,5526,58,19.33333333,18,35,0.514285714,6,22,0.272727273,4,6,0.666666667,9,16,8.333333333,2,0.666666667,4,1,0,0,3,5,0,0,4,4,4,0,0,2019,0,0,0,0,0,0,0,0,0,0,0,1,150,193.8
99,박상오,7,5343,44,6.285714286,19,40,0.475,1,1,1.0,3,5,0.6,4,26,4.285714286,2,0.285714286,5,4,0,0,4,4,0,6,0,0,12,0,0,2006,0,0,0,0,0,0,0,0,0,0,1,0,929,196.0
100,박상우,3,829,6,2.0,1,1,1.0,1,4,0.25,1,2,0.5,0,0,0.0,0,0.0,0,0,0,0,0,0,0,0,0,0,0,1,0,2021,1,0,0,0,0,0,0,0,0,0,0,0,0,199.0
101,박석환,20,40248,297,14.85,45,125,0.36,55,153,0.359477124,42,50,0.84,20,62,4.1,61,3.05,36,1,0,0,25,31,0,15,18,10,55,0,0,2011,0,0,0,0,0,0,0,1,0,0,0,0,48,180.0
102,박성민,4,5499,20,5.0,7,10,0.7,0,10,0.0,6,7,0.857142857,4,8,3.0,10,2.5,8,0,0,0,7,6,0,3,0,0,4,0,0,2009,1,0,0,0,0,0,0,0,0,0,0,0,10,192.0
103,박성욱,2,3163,29,14.5,10,18,0.555555556,2,21,0.095238095,3,4,0.75,2,4,3.0,2,1.0,1,0,0,0,4,3,0,1,0,0,3,0,0,2002,0,0,0,0,0,0,0,0,0,0,1,0,14,192.0
104,박성은,3,5618,47,15.66666667,10,17,0.588235294,8,34,0.235294118,3,4,0.75,1,6,2.333333333,2,0.666666667,3,0,0,0,3,4,0,1,8,2,9,4,1,2011,0,0,0,0,0,0,1,0,0,0,0,0,299,180.0
105,박성진,6,9927,61,10.16666667,11,22,0.5,11,34,0.323529412,6,10,0.6,6,12,3.0,18,3.0,8,0,0,0,4,11,0,7,0,0,9,0,0,2008,0,0,0,0,0,0,0,0,0,0,1,0,671,182.0
106,박세원,11,16372,88,8.0,31,62,0.5,6,31,0.193548387,8,9,0.888888889,14,36,4.545454545,7,0.636363636,6,5,0,0,15,9,0,1,7,2,12,1,0,2019,0,1,0,0,0,0,0,0,0,0,0,0,75,183.0
107,박세진,15,24499,250,16.66666667,109,182,0.598901099,1,1,1.0,29,47,0.617021277,65,89,10.26666667,5,0.333333333,7,11,0,0,17,16,0,9,1,0,32,2,0,2016,0,0,0,0,0,0,0,0,0,0,0,1,252,201.0
108,박영민,2,3309,22,11.0,5,14,0.357142857,4,14,0.285714286,0,2,0.0,0,6,3.0,3,1.5,1,1,0,0,3,5,0,2,0,0,2,0,0,2001,0,0,0,0,0,1,0,0,0,0,0,0,148,189.0
109,박인태,12,15711,91,7.583333333,40,83,0.481927711,1,1,1.0,8,11,0.727272727,27,47,6.166666667,9,0.75,7,10,8,9,8,11,0,5,4,1,14,0,0,2016,0,0,0,0,0,0,0,0,1,0,0,0,222,200.0
110,박재욱,3,6888,48,16.0,16,25,0.64,3,5,0.6,7,17,0.411764706,5,8,4.333333333,3,1.0,1,1,0,0,1,4,0,4,0,0,11,0,0,2010,0,0,0,0,0,0,1,0,0,0,0,0,346,188.0
111,박재현,14,24602,153,10.92857143,39,62,0.629032258,21,75,0.28,12,15,0.8,4,29,2.357142857,56,4.0,22,2,0,0,11,13,0,12,29,8,19,22,4,2013,0,0,1,0,0,0,0,0,0,0,0,0,153,188.0
112,박정현,13,18615,188,14.46153846,74,132,0.560606061,3,10,0.3,31,48,0.645833333,32,58,6.923076923,46,3.538461538,16,2,0,0,10,13,0,1,7,1,28,6,1,2019,0,0,1,0,0,0,0,0,0,0,0,0,200,202.6
113,박종천,6,12646,133,22.16666667,30,50,0.6,16,41,0.390243902,25,31,0.806451613,14,31,7.5,5,0.833333333,8,3,0,0,11,14,0,8,0,0,12,0,0,2002,0,1,0,0,0,0,0,0,0,0,0,0,188,193.0
114,박준영,14,23129,228,16.28571429,81,140,0.578571429,11,25,0.44,33,45,0.733333333,51,70,8.642857143,51,3.642857143,10,2,0,0,6,15,2,2,14,5,31,2,0,2018,0,0,1,0,0,0,0,0,0,0,0,0,17,195.3
115,박준용,4,6127,26,6.5,10,20,0.5,0,3,0.0,6,7,0.857142857,4,3,1.75,4,1.0,4,0,0,0,5,7,0,2,0,0,10,0,0,1999,0,0,0,0,0,0,0,0,0,0,1,0,210,185.0
116,박준우,3,6916,42,14.0,10,24,0.416666667,5,14,0.357142857,7,9,0.777777778,7,19,8.666666667,1,0.333333333,7,5,0,0,8,3,0,2,1,1,5,0,0,2015,0,0,0,0,0,0,0,0,0,1,0,0,86,190.0
117,박준은,16,29001,175,10.9375,41,79,0.518987342,27,92,0.293478261,12,21,0.571428571,29,50,4.9375,36,2.25,27,7,0,0,16,19,0,0,21,4,26,1,0,2019,0,0,0,0,0,0,0,1,0,0,0,0,172,194.1
118,박지원,3,3965,33,11.0,13,22,0.590909091,1,3,0.333333333,4,8,0.5,4,8,4.0,13,4.333333333,3,1,0,0,2,4,0,0,9,1,5,0,1,2020,0,0,0,0,0,0,0,0,1,0,0,0,205,183.0
119,박지현,6,12371,90,15.0,26,37,0.702702703,5,13,0.384615385,23,30,0.766666667,6,18,4.0,18,3.0,10,1,0,0,2,11,0,6,0,0,15,0,0,2001,0,0,0,0,0,0,0,0,0,0,1,0,486,183.0
120,박지훈,16,31504,310,19.375,97,157,0.617834395,32,79,0.405063291,20,33,0.606060606,54,57,6.9375,32,2.0,47,11,0,0,17,19,0,7,22,3,30,7,0,2016,0,0,0,0,0,0,0,0,0,0,1,0,335,184.0
121,박진수,5,2586,16,3.2,4,9,0.444444444,2,6,0.333333333,2,2,1.0,1,9,2.0,0,0.0,2,0,0,0,1,4,0,3,0,0,5,0,0,2008,0,0,0,0,0,0,0,0,0,0,1,0,122,192.0
122,박진열,4,6271,32,8.0,7,13,0.538461538,5,22,0.227272727,3,4,0.75,2,14,4.0,5,1.25,3,2,0,0,4,10,0,5,0,0,10,0,0,2003,0,1,0,0,0,0,0,0,0,0,0,0,11,189.0
123,박찬호,16,29102,229,14.3125,89,172,0.51744186,0,2,0.0,51,65,0.784615385,51,70,7.5625,24,1.5,6,19,0,0,32,21,0,1,9,1,36,13,2,2019,0,1,0,0,0,0,0,0,0,0,0,0,138,202.0
124,박찬희,6,13467,116,19.33333333,29,67,0.432835821,10,23,0.434782609,28,37,0.756756757,5,22,4.5,16,2.666666667,8,0,0,0,6,8,0,6,0,0,20,0,0,2007,0,1,0,0,0,0,0,0,0,0,0,0,744,190.0
125,박형철,6,11205,73,12.16666667,14,34,0.411764706,12,38,0.315789474,9,11,0.818181818,5,14,3.166666667,11,1.833333333,10,3,0,0,11,5,0,4,0,0,14,0,0,2009,0,0,0,0,0,0,0,0,1,0,0,0,320,192.0
126,방성윤,7,12623,164,23.42857143,31,65,0.476923077,26,69,0.376811594,24,30,0.8,12,44,8.0,6,0.857142857,12,4,0,0,11,5,0,14,0,0,9,0,0,2004,0,0,0,0,0,0,0,0,1,0,0,0,903,195.0
127,배강률,3,6012,52,17.33333333,17,31,0.548387097,3,6,0.5,9,12,0.75,6,12,6.0,1,0.333333333,2,2,1,1,4,5,0,4,5,0,4,0,0,2014,0,0,0,0,0,1,0,0,0,0,0,0,150,196.0
128,배경한,5,11340,125,25.0,20,31,0.64516129,25,51,0.490196078,10,16,0.625,10,18,5.6,7,1.4,3,3,0,0,11,6,0,4,0,0,13,0,0,2005,0,0,1,0,0,0,0,0,0,0,0,0,32,184.0
129,배병준,3,4374,41,13.66666667,10,11,0.909090909,6,16,0.375,3,3,1.0,6,6,4.0,4,1.333333333,5,0,0,0,1,6,0,2,3,0,0,0,0,2012,0,1,0,0,0,0,0,0,0,0,0,0,49,191.0
130,배수용,16,32347,149,9.3125,51,123,0.414634146,7,29,0.24137931,26,33,0.787878788,54,91,9.0625,22,1.375,16,28,4,5,24,19,1,18,1,2,23,0,0,2014,0,1,0,0,0,0,0,0,0,0,0,0,203,194.0
131,백승호,4,6611,39,9.75,6,9,0.666666667,8,17,0.470588235,3,3,1.0,4,7,2.75,3,0.75,6,2,0,0,6,7,0,7,0,0,6,0,0,2009,0,0,0,0,0,0,0,0,0,1,0,0,263,187.0
132,백주익,7,8938,58,8.285714286,23,39,0.58974359,3,4,0.75,3,5,0.6,14,21,5.0,2,0.285714286,6,3,0,0,14,9,0,3,0,0,10,0,0,2005,0,0,0,0,0,0,0,0,1,0,0,0,134,193.0
133,변기훈,4,9118,78,19.5,11,23,0.47826087,16,33,0.484848485,8,13,0.615384615,10,11,5.25,10,2.5,7,0,0,0,5,7,0,3,0,0,11,0,0,2009,1,0,0,0,0,0,0,0,0,0,0,0,581,187.0
134,변준형,15,31812,278,18.53333333,66,136,0.485294118,33,98,0.336734694,47,62,0.758064516,19,72,6.066666667,76,5.066666667,21,19,2,2,20,21,2,3,27,9,51,3,0,2018,0,0,0,0,1,0,0,0,0,0,0,0,788,188.0
135,변현수,4,7944,49,12.25,11,24,0.458333333,4,9,0.444444444,15,21,0.714285714,13,7,5.0,8,2.0,3,0,0,0,2,6,0,0,0,0,8,0,0,2008,0,0,0,0,0,1,0,0,0,0,0,0,448,185.0
136,서동용,6,9832,93,15.5,19,32,0.59375,15,41,0.365853659,10,15,0.666666667,5,10,2.5,6,1.0,5,1,0,0,9,11,0,6,0,0,14,0,0,2003,0,0,0,0,0,0,0,0,0,0,0,1,45,186.0
137,서민수,3,6412,46,15.33333333,16,25,0.64,4,13,0.307692308,2,4,0.5,6,18,8.0,5,1.666666667,3,3,0,0,0,6,0,3,1,0,1,0,0,2015,0,0,0,0,1,0,0,0,0,0,0,0,573,186.0
138,서병원,4,7910,68,17.0,3,11,0.272727273,19,41,0.463414634,5,7,0.714285714,3,11,3.5,1,0.25,5,0,0,0,5,6,0,1,0,0,11,0,0,2002,0,0,0,0,0,1,0,0,0,0,0,0,14,186.0
139,서영권,3,5562,25,8.333333333,12,18,0.666666667,0,2,0.0,1,1,1.0,10,17,9.0,7,2.333333333,3,1,0,0,5,7,0,4,0,1,11,0,0,2001,0,0,0,0,1,0,0,0,0,0,0,0,89,190.0
140,서현석,16,33265,190,11.875,70,174,0.402298851,0,11,0.0,50,75,0.666666667,49,101,9.375,18,1.125,9,7,9,11,22,16,0,1,10,2,47,15,0,2018,1,0,0,0,0,0,0,0,0,0,0,0,35,198.0
141,석명준,6,9691,79,13.16666667,12,21,0.571428571,18,56,0.321428571,1,3,0.333333333,7,11,3.0,1,0.166666667,2,0,0,0,5,2,0,0,0,0,7,0,0,2001,0,0,0,0,0,0,0,0,0,0,1,0,323,194.0
142,석종태,16,32200,237,14.8125,90,155,0.580645161,7,17,0.411764706,36,55,0.654545455,57,81,8.625,26,1.625,22,6,0,0,15,6,0,13,9,1,34,39,7,2014,0,0,0,0,1,0,0,0,0,0,0,0,12,192.0
143,성건주,12,18263,93,7.75,31,58,0.534482759,5,38,0.131578947,16,24,0.666666667,10,31,3.416666667,13,1.083333333,3,5,0,0,6,13,0,6,4,2,17,17,1,2015,0,1,0,0,0,0,0,0,0,0,0,0,94,187.0
144,성기빈,10,4394,13,1.3,5,11,0.454545455,1,9,0.111111111,0,2,0.0,1,10,1.1,1,0.1,1,0,0,0,6,2,0,0,1,1,1,1,0,2016,0,0,0,0,0,0,0,0,1,0,0,0,29,185.0
145,성재준,3,6658,60,20.0,9,12,0.75,11,26,0.423076923,9,12,0.75,5,14,6.333333333,1,0.333333333,6,0,0,0,1,4,0,6,3,1,2,0,0,2012,1,0,0,0,0,0,0,0,0,0,0,0,187,187.0
146,성준모,6,8356,83,13.83333333,12,30,0.4,14,30,0.466666667,17,21,0.80952381,3,7,1.666666667,6,1.0,5,1,0,0,4,10,0,4,0,0,11,0,0,2000,0,0,0,0,0,0,0,0,0,0,0,1,45,190.0
147,손인보,4,4015,19,4.75,6,8,0.75,2,11,0.181818182,1,2,0.5,1,5,1.5,1,0.25,0,0,0,0,4,8,0,1,0,0,0,0,0,2000,0,1,0,0,0,0,0,0,0,0,0,0,8,198.0
148,손준영,6,7913,25,4.166666667,12,22,0.545454545,0,7,0.0,1,3,0.333333333,6,13,3.166666667,5,0.833333333,7,0,0,0,2,14,0,5,0,0,5,0,0,2001,0,0,0,0,0,0,0,0,0,0,1,0,345,194.0
149,손홍준,16,32386,256,16.0,89,168,0.529761905,14,42,0.333333333,36,57,0.631578947,23,44,4.1875,60,3.75,9,3,0,0,14,25,0,1,37,15,45,4,1,2017,0,0,0,0,0,0,0,0,0,0,0,1,180,186.0
150,송수인,6,5990,40,6.666666667,9,12,0.75,6,16,0.375,4,6,0.666666667,8,10,3.0,4,0.666666667,5,3,0,0,7,10,0,1,0,0,6,0,0,2008,0,0,0,0,0,0,0,0,1,0,0,0,272,193.0
151,송영진,4,8802,73,18.25,21,41,0.512195122,6,10,0.6,13,23,0.565217391,12,11,5.75,6,1.5,7,6,0,0,4,7,0,3,0,0,12,0,0,2000,0,0,0,0,0,0,0,0,0,0,1,0,560,198.0
152,송완희,4,2953,32,8.0,6,15,0.4,6,11,0.545454545,2,2,1.0,5,3,2.0,0,0.0,4,1,0,0,1,2,0,0,0,0,2,0,0,2001,0,0,0,0,0,0,0,0,0,0,1,0,7,190.0
153,송창용,4,8128,83,20.75,18,34,0.529411765,11,29,0.379310345,14,22,0.636363636,12,11,5.75,1,0.25,9,2,0,0,6,5,0,9,0,0,11,0,0,2009,0,0,0,0,0,0,0,0,0,0,0,1,425,192.0
154,신명호,8,18858,107,13.375,39,63,0.619047619,2,14,0.142857143,23,38,0.605263158,13,23,4.5,37,4.625,20,0,0,0,10,15,0,7,0,0,30,0,0,2006,0,1,0,0,0,0,0,0,0,0,0,0,495,184.0
155,신민석,3,5097,49,16.33333333,11,22,0.5,8,21,0.380952381,3,4,0.75,2,15,5.666666667,9,3.0,6,1,0,0,1,4,0,0,2,2,4,1,0,2021,0,0,1,0,0,0,0,0,0,0,0,0,95,197.4
156,신상언,22,14163,67,3.045454545,12,24,0.5,13,51,0.254901961,4,4,1.0,10,15,1.136363636,6,0.272727273,6,2,0,0,15,9,0,4,2,2,3,0,0,2012,0,0,0,0,0,0,1,0,0,0,0,0,48,188.0
157,신상호,4,5487,40,10.0,9,15,0.6,6,20,0.3,4,7,0.571428571,2,9,2.75,1,0.25,3,3,0,0,5,6,0,2,0,0,3,0,0,2008,0,0,0,0,0,0,0,1,0,0,0,0,251,187.0
158,신승민,3,4010,44,14.66666667,13,15,0.866666667,4,9,0.444444444,6,8,0.75,1,12,4.333333333,4,1.333333333,1,3,0,0,4,2,0,0,2,0,4,4,0,2021,0,0,0,0,0,0,0,0,1,0,0,0,78,195.4
159,신윤하,5,4274,38,7.6,14,22,0.636363636,0,1,0.0,10,15,0.666666667,14,8,4.4,4,0.8,3,0,0,0,8,3,0,4,0,0,4,0,0,2007,1,0,0,0,0,0,0,0,0,0,0,0,486,193.0
160,신재호,3,6975,44,14.66666667,4,18,0.222222222,8,22,0.363636364,12,12,1.0,2,10,4.0,11,3.666666667,7,0,0,0,1,4,0,4,0,0,6,0,0,2013,0,0,0,1,0,0,0,0,0,0,0,0,162,181.0
161,안재욱,5,5996,37,7.4,7,9,0.777777778,4,18,0.222222222,11,15,0.733333333,2,10,2.4,9,1.8,9,0,0,0,3,7,0,4,0,0,11,0,0,2009,0,0,0,0,0,0,0,0,0,0,1,0,455,178.0
162,안정환,3,5707,41,13.66666667,8,12,0.666666667,8,19,0.421052632,1,1,1.0,5,10,5.0,0,0.0,4,0,0,0,4,2,0,6,0,0,4,0,0,2010,0,0,0,0,0,1,0,0,0,0,0,0,49,191.0
163,양동근,6,12707,130,21.66666667,44,66,0.666666667,6,16,0.375,24,33,0.727272727,4,20,4.0,19,3.166666667,15,2,0,0,5,11,0,12,0,0,15,0,0,2003,0,0,0,0,0,0,0,0,0,0,0,1,969,181.0
164,양동인,5,5287,37,7.4,10,18,0.555555556,3,14,0.214285714,8,10,0.8,8,10,3.6,1,0.2,8,0,0,0,5,2,0,3,0,0,8,0,0,2002,0,0,0,0,0,0,0,0,0,0,0,1,58,185.0
165,양우섭,7,13819,98,14.0,35,55,0.636363636,5,16,0.3125,13,17,0.764705882,12,22,4.857142857,16,2.285714286,7,0,0,0,4,13,0,6,1,0,16,0,0,2007,0,0,1,0,0,0,0,0,0,0,0,0,381,185.0
166,양재혁,3,7007,9,3.0,4,9,0.444444444,0,3,0.0,1,2,0.5,3,6,3.0,19,6.333333333,3,0,0,0,5,1,0,1,2,0,12,9,1,2020,0,0,0,0,0,0,0,0,0,1,0,0,167,193.0
167,양준우,3,5888,55,18.33333333,12,23,0.52173913,6,21,0.285714286,13,16,0.8125,2,16,6.0,19,6.333333333,6,2,0,0,5,3,1,1,8,2,9,4,0,2020,0,0,0,0,0,0,0,1,0,0,0,0,86,185.1
168,양홍석,16,24495,302,18.875,107,192,0.557291667,19,61,0.31147541,31,52,0.596153846,44,78,7.625,29,1.8125,20,19,0,0,20,15,0,2,27,14,38,15,1,2017,0,0,0,0,0,0,0,0,0,0,1,0,1109,195.0
169,양희종,4,7324,85,21.25,23,48,0.479166667,10,24,0.416666667,9,12,0.75,19,25,11.0,7,1.75,5,6,0,0,5,3,0,5,0,0,7,0,0,2006,0,0,0,0,0,0,0,0,1,0,0,0,630,194.0
170,염승민,5,1079,4,0.8,0,2,0.0,0,1,0.0,4,6,0.666666667,1,1,0.4,4,0.8,0,0,0,0,0,0,0,1,0,0,4,0,0,2013,0,0,1,0,0,0,0,0,0,0,0,0,117,180.0
171,오용준,5,7470,59,11.8,9,25,0.36,8,23,0.347826087,17,20,0.85,3,13,3.2,6,1.2,8,9,0,0,4,7,0,1,0,0,10,0,0,2002,0,0,1,0,0,0,0,0,0,0,0,0,529,193.0
172,오재현,3,5563,59,19.66666667,18,31,0.580645161,3,9,0.333333333,14,15,0.933333333,7,7,4.666666667,18,6.0,5,0,0,0,3,6,0,1,6,0,7,0,0,2020,0,0,0,0,0,0,0,0,0,0,0,1,298,187.0
173,오정현,5,9898,51,10.2,23,46,0.5,0,1,0.0,5,14,0.357142857,11,13,4.8,0,0.0,3,4,0,0,9,7,0,7,0,0,14,0,0,2007,1,0,0,0,0,0,0,0,0,0,0,0,7,198.0
174,오창환,5,9394,71,14.2,6,13,0.461538462,17,49,0.346938776,8,12,0.666666667,9,13,4.4,8,1.6,4,3,0,0,4,6,0,3,7,1,13,0,0,2013,0,0,0,0,0,0,0,0,0,0,0,1,278,190.0
175,옥범준,2,3929,17,8.5,3,9,0.333333333,1,2,0.5,8,12,0.666666667,3,5,4.0,10,5.0,8,0,0,0,1,6,0,4,0,0,5,0,0,2002,0,0,0,0,0,0,0,1,0,0,0,0,289,174.0
176,우동현,3,7040,84,28.0,11,21,0.523809524,15,33,0.454545455,17,22,0.772727273,5,6,3.666666667,14,4.666666667,3,0,0,0,4,5,0,1,5,1,9,3,0,2018,0,0,0,0,0,1,0,0,0,0,0,0,233,176.0
177,원종훈,16,28431,129,8.0625,35,55,0.636363636,13,37,0.351351351,20,32,0.625,25,48,4.5625,80,5.0,32,2,0,0,23,36,0,3,12,4,19,23,9,2018,0,0,0,1,0,0,0,0,0,0,0,0,78,177.0
178,유병재,6,12733,115,19.16666667,28,50,0.56,7,16,0.4375,38,41,0.926829268,20,19,6.5,10,1.666666667,6,1,0,0,3,13,0,10,0,0,8,0,0,2006,0,0,0,0,1,0,0,0,0,0,0,0,257,191.0
179,유성호,4,8465,53,13.25,20,35,0.571428571,2,5,0.4,7,16,0.4375,5,24,7.25,7,1.75,3,0,0,0,11,4,0,4,0,0,9,0,0,2010,0,0,1,0,0,0,0,0,0,0,0,0,187,200.0
180,유현준,3,5841,50,16.66666667,22,34,0.647058824,1,7,0.142857143,3,3,1.0,4,10,4.666666667,25,8.333333333,10,2,0,0,3,5,0,2,5,2,16,2,0,2017,0,0,0,0,0,0,0,0,0,0,0,1,640,182.0
181,유희선,7,8575,73,10.42857143,9,15,0.6,17,41,0.414634146,4,4,1.0,3,12,2.142857143,3,0.428571429,2,2,0,0,3,7,0,1,0,0,6,0,0,2007,0,0,0,0,0,0,0,0,1,0,0,0,138,184.0
182,윤병학,6,11838,99,16.5,24,40,0.6,13,38,0.342105263,12,23,0.52173913,7,15,3.666666667,9,1.5,13,0,0,0,3,14,0,11,0,0,11,0,0,2004,0,0,0,0,0,0,0,0,0,0,1,0,58,182.0
183,윤성원,3,5608,55,18.33333333,13,27,0.481481481,8,13,0.615384615,5,7,0.714285714,9,17,8.666666667,3,1.0,0,2,0,0,6,2,0,0,3,2,5,0,0,2017,0,0,0,0,0,0,0,0,0,0,0,1,105,196.0
184,윤성준,2,3534,34,17.0,0,1,0.0,9,20,0.45,7,7,1.0,0,10,5.0,1,0.5,5,0,0,0,7,2,0,1,0,0,3,2,0,2021,0,0,0,1,0,0,0,0,0,0,0,0,9,182.1
185,윤여권,6,7785,44,7.333333333,8,20,0.4,8,31,0.258064516,4,6,0.666666667,3,3,1.0,3,0.5,2,0,0,0,4,5,0,4,0,0,6,0,0,2007,0,0,0,0,0,1,0,0,0,0,0,0,197,186.0
186,윤원상,3,6022,37,12.33333333,7,19,0.368421053,5,20,0.25,8,8,1.0,1,11,4.0,23,7.666666667,3,0,0,0,4,4,0,1,1,1,8,0,1,2020,0,0,0,1,0,0,0,0,0,0,0,0,137,180.9
187,윤이규,21,40325,328,15.61904762,130,241,0.539419087,6,23,0.260869565,50,70,0.714285714,36,74,5.238095238,19,0.904761905,12,3,0,0,30,32,0,23,22,5,43,0,0,2012,0,0,0,0,0,0,0,1,0,0,0,0,1,193.0
188,윤지광,4,7964,65,16.25,14,25,0.56,11,31,0.35483871,4,5,0.8,2,11,3.25,8,2.0,2,0,0,0,7,5,0,3,0,0,4,0,0,2004,0,0,0,0,0,1,0,0,0,0,0,0,4,188.0
189,윤호성,7,5453,36,5.142857143,5,13,0.384615385,8,26,0.307692308,2,2,1.0,6,2,1.142857143,1,0.142857143,2,0,0,0,2,3,0,3,0,0,1,0,0,2005,0,0,0,0,0,0,0,0,0,0,1,0,102,190.0
190,윤호영,6,13224,107,17.83333333,33,64,0.515625,9,27,0.333333333,14,22,0.636363636,19,29,8.0,11,1.833333333,10,9,0,0,5,7,0,3,0,0,13,0,0,2007,0,0,0,0,0,0,0,0,0,0,1,0,152,197.0
191,이건희,15,22653,100,6.666666667,27,73,0.369863014,11,28,0.392857143,13,24,0.541666667,38,47,5.666666667,11,0.733333333,13,19,0,0,18,24,1,4,1,1,30,10,2,2017,0,1,0,0,0,0,0,0,0,0,0,0,0,194.1
192,이광재,6,9692,90,15.0,19,35,0.542857143,13,33,0.393939394,13,20,0.65,8,13,3.5,4,0.666666667,2,1,0,0,5,12,0,2,0,0,8,0,0,2006,0,0,0,0,0,0,0,0,1,0,0,0,591,187.0
193,이광진,3,3497,18,6.0,5,11,0.454545455,2,7,0.285714286,2,4,0.5,7,11,6.0,1,0.333333333,0,2,0,0,4,2,0,0,1,1,2,3,1,2020,0,0,0,0,1,0,0,0,0,0,0,0,130,193.8
194,이규섭,7,14735,141,20.14285714,54,84,0.642857143,4,11,0.363636364,21,24,0.875,11,32,6.142857143,4,0.571428571,5,15,0,0,3,17,0,5,0,0,16,0,0,1999,0,0,1,0,0,0,0,0,0,0,0,0,670,198.0
195,이근휘,3,6078,86,28.66666667,9,13,0.692307692,21,43,0.488372093,5,8,0.625,2,12,4.666666667,1,0.333333333,1,1,0,0,2,4,0,0,3,3,1,0,0,2020,0,0,0,0,0,0,0,0,0,0,0,1,90,187.0
196,이대성,8,2829,19,2.375,8,16,0.5,0,1,0.0,3,5,0.6,2,3,0.625,7,0.875,0,3,0,0,3,1,0,1,1,0,5,0,0,2011,0,0,0,0,0,0,0,0,0,0,1,0,468,193.0
197,이대헌,14,26231,224,16.0,97,165,0.587878788,0,3,0.0,30,55,0.545454545,43,63,7.571428571,18,1.285714286,19,5,0,0,15,23,0,16,9,3,41,0,0,2015,0,0,0,0,1,0,0,0,0,0,0,0,133,197.0
198,이도헌,3,5518,24,8.0,8,14,0.571428571,0,8,0.0,8,11,0.727272727,3,19,7.333333333,23,7.666666667,3,1,0,0,3,10,0,1,6,4,10,0,0,2020,0,0,0,0,0,1,0,0,0,0,0,0,42,187.0
199,이동엽,5,8744,50,10.0,16,33,0.484848485,4,15,0.266666667,6,11,0.545454545,8,12,4.0,15,3.0,8,1,0,0,6,6,0,4,5,1,10,0,0,2015,0,0,1,0,0,0,0,0,0,0,0,0,415,193.0
200,이동준,16,2843,8,0.5,2,3,0.666666667,1,11,0.090909091,1,2,0.5,3,2,0.3125,2,0.125,3,0,0,0,5,1,0,0,0,0,6,0,0,2014,0,0,0,0,0,0,0,1,0,0,0,0,30,200.0
201,이동하,5,5590,43,8.6,21,32,0.65625,0,1,0.0,1,2,0.5,6,8,2.8,5,1.0,3,0,0,0,2,3,0,1,6,2,5,0,0,2011,0,0,0,0,0,0,0,0,0,0,1,0,0,195.0
202,이민석,3,5735,39,13.0,11,21,0.523809524,5,18,0.277777778,2,2,1.0,8,6,4.666666667,5,1.666666667,2,1,0,0,5,3,0,1,2,0,3,5,0,2021,0,0,0,0,1,0,0,0,0,0,0,0,13,188.7
203,이민영,16,30633,191,11.9375,49,120,0.408333333,18,69,0.260869565,39,50,0.78,14,49,3.9375,58,3.625,34,4,0,0,17,13,0,5,17,11,48,9,1,2017,0,1,0,0,0,0,0,0,0,0,0,0,21,181.0
204,이민재,6,11275,70,11.66666667,8,21,0.380952381,14,38,0.368421053,12,17,0.705882353,10,18,4.666666667,20,3.333333333,14,1,0,0,5,6,0,11,0,0,9,0,0,2009,0,0,0,0,1,0,0,0,0,0,0,0,293,190.0
205,이병석,3,6599,57,19.0,14,29,0.482758621,6,13,0.461538462,11,12,0.916666667,5,7,4.0,2,0.666666667,8,0,0,0,3,8,0,2,0,0,11,0,0,1999,0,0,0,0,0,1,0,0,0,0,0,0,380,191.0
206,이상민,3,2463,24,8.0,6,16,0.375,3,14,0.214285714,3,3,1.0,0,5,1.666666667,4,1.333333333,2,0,0,0,2,0,0,0,0,0,3,0,0,2019,0,0,0,1,0,0,0,0,0,0,0,0,1008,182.0
207,이상수,5,10041,95,19.0,32,63,0.507936508,8,34,0.235294118,7,9,0.777777778,6,11,3.4,1,0.2,4,0,0,0,5,9,0,12,0,0,13,0,0,2007,1,0,0,0,0,0,0,0,0,0,0,0,188,192.0
208,이승규,16,35307,215,13.4375,57,150,0.38,29,90,0.322222222,14,28,0.5,20,51,4.4375,35,2.1875,21,7,0,0,18,30,0,17,8,4,40,2,5,2016,0,0,0,0,0,0,0,0,0,1,0,0,77,182.0
209,이승우,3,5884,61,20.33333333,21,40,0.525,1,3,0.333333333,16,30,0.533333333,7,29,12.0,13,4.333333333,5,1,0,0,8,5,0,0,3,2,15,1,0,2021,0,0,0,0,0,0,0,0,0,0,0,1,44,193.3
210,이승현,5,8956,86,17.2,34,54,0.62962963,5,11,0.454545455,3,4,0.75,12,33,9.0,7,1.4,3,3,0,0,2,4,0,2,6,2,1,0,0,2014,0,0,1,0,0,0,0,0,0,0,0,0,0,197.0
211,이승환,16,30788,161,10.0625,43,96,0.447916667,11,33,0.333333333,42,52,0.807692308,34,43,4.8125,25,1.5625,24,0,0,0,20,33,0,23,8,11,24,4,3,2014,1,0,0,0,0,0,0,0,0,0,0,0,0,177.0
212,이시준,6,12055,92,15.33333333,13,29,0.448275862,17,42,0.404761905,15,17,0.882352941,5,11,2.666666667,8,1.333333333,4,0,0,0,3,10,0,5,0,0,10,0,0,2005,0,0,0,0,0,1,0,0,0,0,0,0,688,182.0
213,이영현,4,6522,46,11.5,6,12,0.5,10,26,0.384615385,4,4,1.0,6,6,3.0,1,0.25,2,0,0,0,3,3,0,5,0,0,4,0,0,2006,0,0,1,0,0,0,0,0,0,0,0,0,35,191.0
214,이영훈,3,2333,4,1.333333333,1,7,0.142857143,0,2,0.0,2,2,1.0,1,1,0.666666667,5,1.666666667,0,0,0,0,3,1,0,1,1,0,5,3,0,2013,0,0,0,0,0,1,0,0,0,0,0,0,79,180.0
215,이용우,3,6709,76,25.33333333,16,33,0.484848485,10,25,0.4,14,18,0.777777778,6,12,6.0,19,6.333333333,4,2,0,0,5,1,0,1,6,1,9,6,1,2020,1,0,0,0,0,0,0,0,0,0,0,0,132,183.1
216,이우석,2,3361,13,6.5,6,11,0.545454545,0,3,0.0,1,1,1.0,3,9,6.0,8,4.0,4,1,0,0,0,3,0,0,3,3,2,0,0,2020,0,0,1,0,0,0,0,0,0,0,0,0,248,196.2
217,이우정,16,25308,174,10.875,41,76,0.539473684,18,58,0.310344828,38,50,0.76,19,50,4.3125,68,4.25,25,5,0,0,12,20,0,1,17,5,39,22,5,2017,0,0,0,0,0,0,0,0,0,0,1,0,16,184.0
218,이원대,22,49160,311,14.13636364,86,210,0.40952381,29,77,0.376623377,52,66,0.787878788,22,80,4.636363636,96,4.363636364,38,3,0,0,16,26,0,29,11,7,46,0,0,2012,1,0,0,0,0,0,0,0,0,0,0,0,299,183.0
219,이원석,3,3639,45,15.0,17,27,0.62962963,1,2,0.5,8,12,0.666666667,13,13,8.666666667,3,1.0,1,5,1,1,1,1,0,1,2,0,3,1,0,2021,0,0,0,0,0,0,0,0,1,0,0,0,139,206.5
220,이윤수,5,10854,101,20.2,41,85,0.482352941,3,7,0.428571429,10,15,0.666666667,28,48,15.2,14,2.8,5,11,0,0,13,5,0,0,2,1,10,7,0,2019,0,0,0,0,0,0,0,1,0,0,0,0,52,203.0
221,이재도,16,34449,230,14.375,66,110,0.6,21,52,0.403846154,35,44,0.795454545,32,65,6.0625,88,5.5,39,4,0,0,15,18,0,15,26,12,52,36,6,2013,0,0,0,0,0,0,0,0,0,0,0,1,979,180.0
222,이재우,5,7448,50,10.0,15,26,0.576923077,6,24,0.25,2,6,0.333333333,11,12,4.6,10,2.0,5,3,0,0,6,10,0,0,7,5,13,3,0,2019,0,0,0,0,0,0,0,1,0,0,0,0,28,186.0
223,이정협,4,4926,40,10.0,4,12,0.333333333,10,18,0.555555556,2,2,1.0,3,2,1.25,0,0.0,4,1,0,0,4,4,0,3,0,0,7,0,0,2003,0,0,0,0,0,0,0,0,1,0,0,0,30,195.0
224,이종구,5,7104,33,6.6,7,15,0.466666667,5,13,0.384615385,4,6,0.666666667,6,9,3.0,2,0.4,5,2,0,0,8,4,0,9,2,0,2,0,0,2015,0,1,0,0,0,0,0,0,0,0,0,0,89,188.0
225,이종현,13,20210,202,15.53846154,89,126,0.706349206,1,2,0.5,21,38,0.552631579,34,86,9.230769231,22,1.692307692,12,37,20,20,4,5,0,4,5,0,26,3,0,2016,0,0,1,0,0,0,0,0,0,0,0,0,588,203.0
226,이준희,6,6042,35,5.833333333,14,27,0.518518519,1,9,0.111111111,4,10,0.4,4,8,2.0,10,1.666666667,6,2,0,0,3,3,0,0,1,2,5,4,2,2019,0,0,0,0,0,0,0,0,0,0,1,0,110,192.0
227,이지원,6,12320,84,14.0,30,68,0.441176471,2,8,0.25,18,22,0.818181818,5,23,4.666666667,14,2.333333333,9,0,0,0,6,3,0,7,0,0,18,0,0,2010,0,1,0,0,0,0,0,0,0,0,0,0,338,190.0
228,이진석,9,15805,46,5.111111111,11,28,0.392857143,4,37,0.108108108,12,20,0.6,17,48,7.222222222,25,2.777777778,18,12,0,0,11,11,0,0,4,1,16,5,0,2019,0,0,0,0,0,0,0,0,0,0,1,0,144,196.0
229,이진욱,3,6876,64,21.33333333,16,38,0.421052632,9,19,0.473684211,5,8,0.625,5,12,5.666666667,9,3.0,8,0,0,0,6,3,0,0,5,5,16,0,0,2017,1,0,0,0,0,0,0,0,0,0,0,0,130,180.0
230,이진혁,3,2476,19,6.333333333,1,4,0.25,4,9,0.444444444,5,5,1.0,1,0,0.333333333,0,0.0,1,0,0,0,3,1,0,2,0,0,2,0,0,2013,1,0,0,0,0,0,0,0,0,0,0,0,136,187.0
231,이창민,6,10506,52,8.666666667,7,18,0.388888889,10,34,0.294117647,8,14,0.571428571,5,18,3.833333333,6,1.0,3,0,0,0,8,11,0,5,0,0,13,0,0,2008,1,0,0,0,0,0,0,0,0,0,0,0,21,190.0
232,이충암,12,1613,6,0.5,3,7,0.428571429,0,2,0.0,0,2,0.0,0,1,0.083333333,0,0.0,1,0,0,0,0,1,0,0,1,0,2,1,0,2011,0,0,0,0,1,0,0,0,0,0,0,0,35,190.0
233,이헌,16,30566,223,13.9375,51,143,0.356643357,34,105,0.323809524,19,26,0.730769231,27,61,5.5,14,0.875,24,8,0,0,23,16,0,14,2,0,21,9,1,2016,0,0,0,0,0,0,0,1,0,0,0,0,84,193.2
234,이현민,11,5503,27,2.454545455,9,20,0.45,1,8,0.125,6,9,0.666666667,18,9,2.454545455,5,0.454545455,3,1,0,0,11,3,0,0,1,1,4,4,0,2018,0,0,0,0,0,0,0,0,1,0,0,0,711,178.0
235,이현호,3,4797,30,10.0,2,5,0.4,7,19,0.368421053,5,6,0.833333333,2,5,2.333333333,8,2.666666667,8,2,0,0,6,6,0,1,5,0,2,4,0,2021,0,0,0,0,0,0,0,1,0,0,0,0,318,192.0
236,이형주,3,5973,76,25.33333333,18,23,0.782608696,11,33,0.333333333,7,8,0.875,3,6,3.0,5,1.666666667,2,0,0,0,2,5,0,4,0,0,3,0,0,2000,0,0,0,0,0,0,0,0,1,0,0,0,100,183.0
237,이호준,3,5239,32,10.66666667,8,14,0.571428571,4,10,0.4,4,4,1.0,1,6,2.333333333,7,2.333333333,4,0,0,0,2,10,0,1,3,1,5,4,2,2020,0,0,0,0,0,0,1,0,0,0,0,0,9,183.3
238,이호현,15,35551,259,17.26666667,81,166,0.487951807,25,80,0.3125,22,25,0.88,13,51,4.266666667,49,3.266666667,19,3,0,0,13,15,0,4,20,6,53,28,5,2014,0,0,0,0,0,0,0,0,0,0,1,0,161,184.0
239,임동섭,21,36556,316,15.04761905,105,182,0.576923077,17,56,0.303571429,55,79,0.696202532,54,111,7.857142857,42,2.0,16,13,0,0,19,27,0,17,29,7,44,0,0,2012,0,0,0,0,0,0,0,0,0,0,1,0,628,198.0
240,임상욱,3,6237,29,9.666666667,6,16,0.375,4,14,0.285714286,5,6,0.833333333,1,5,2.0,0,0.0,4,0,0,0,1,5,0,4,0,0,8,0,0,2010,0,0,0,0,0,0,1,0,0,0,0,0,38,183.0
241,임영훈,5,4888,45,9.0,12,16,0.75,3,6,0.5,12,18,0.666666667,5,5,2.0,1,0.2,0,1,0,0,11,9,0,3,0,0,0,0,0,2000,0,0,0,0,0,0,0,1,0,0,0,0,316,193.0
242,임재현,4,9070,51,12.75,15,27,0.555555556,3,7,0.428571429,12,14,0.857142857,1,12,3.25,20,5.0,10,0,0,0,7,6,0,2,3,0,10,0,0,1999,0,0,0,0,0,0,0,0,0,0,1,0,921,182.0
243,임정헌,3,4041,22,7.333333333,0,2,0.0,6,17,0.352941176,4,4,1.0,4,8,4.0,1,0.333333333,6,1,0,0,3,3,0,1,3,3,4,1,0,2018,0,0,0,0,0,1,0,0,0,0,0,0,109,188.0
244,임정훈,1,401,6,6.0,1,2,0.5,1,1,1.0,1,1,1.0,1,0,1.0,0,0.0,1,0,0,0,0,1,0,0,0,0,0,0,0,2000,0,0,0,0,0,0,0,0,1,0,0,0,0,180.0
245,임종일,21,39046,343,16.33333333,108,173,0.624277457,23,72,0.319444444,58,81,0.716049383,44,62,5.047619048,48,2.285714286,20,6,8,8,15,29,0,9,32,6,50,0,0,2012,0,0,0,0,0,0,0,1,0,0,0,0,232,190.0
246,임준수,3,6658,25,8.333333333,6,24,0.25,3,11,0.272727273,4,5,0.8,7,24,10.33333333,7,2.333333333,2,0,0,0,2,8,0,8,2,1,10,0,0,2013,0,0,0,0,0,0,0,1,0,0,0,0,155,190.0
247,임창한,6,5997,27,4.5,6,11,0.545454545,4,8,0.5,3,6,0.5,1,7,1.333333333,3,0.5,8,0,0,0,3,6,0,2,0,0,7,0,0,2009,0,0,0,0,0,0,0,1,0,0,0,0,379,186.0
248,임효성,3,5192,29,9.666666667,6,15,0.4,5,12,0.416666667,2,2,1.0,3,1,1.333333333,7,2.333333333,7,0,0,0,2,5,0,6,0,0,4,0,0,2003,0,0,0,0,0,0,0,1,0,0,0,0,171,180.0
249,임휘종,5,10702,71,14.2,16,28,0.571428571,12,24,0.5,3,6,0.5,14,23,7.4,8,1.6,12,2,0,0,9,8,0,7,0,0,11,0,0,2005,0,0,1,0,0,0,0,0,0,0,0,0,84,187.0
250,장규호,16,24243,107,6.6875,34,56,0.607142857,11,41,0.268292683,6,6,1.0,13,35,3.0,19,1.1875,27,7,0,0,14,13,1,0,25,3,19,0,0,2017,0,0,0,0,0,0,0,0,0,0,1,0,1,183.0
251,장민국,5,8551,62,12.4,25,39,0.641025641,4,16,0.25,0,4,0.0,13,29,8.4,3,0.6,4,6,0,0,4,2,0,6,6,1,9,0,0,2011,0,0,0,0,0,0,0,0,1,0,0,0,620,199.0
252,장태빈,15,19901,79,5.266666667,15,42,0.357142857,15,51,0.294117647,4,6,0.666666667,13,26,2.6,62,4.133333333,7,4,0,0,9,11,0,0,4,5,36,6,0,2018,0,0,1,0,0,0,0,0,0,0,0,0,64,183.0
253,전건우,6,13419,78,13.0,9,25,0.36,15,40,0.375,15,21,0.714285714,11,11,3.666666667,8,1.333333333,11,0,0,0,6,7,0,4,0,0,13,0,0,2008,0,1,0,0,0,0,0,0,0,0,0,0,502,183.0
254,전규철,3,3697,29,9.666666667,9,20,0.45,2,12,0.166666667,5,10,0.5,4,4,2.666666667,0,0.0,2,0,0,0,2,7,0,2,0,0,5,0,0,2004,0,0,0,0,1,0,0,0,0,0,0,0,1,189.0
255,전병석,5,8619,83,16.6,25,43,0.581395349,10,21,0.476190476,3,6,0.5,9,10,3.8,4,0.8,6,1,0,0,6,6,0,4,0,0,4,0,0,2002,0,0,0,0,0,0,0,0,1,0,0,0,136,188.0
256,전성현,16,37505,323,20.1875,70,160,0.4375,55,114,0.48245614,18,22,0.818181818,13,28,2.5625,34,2.125,20,2,0,0,14,10,0,13,13,7,33,0,0,2013,0,0,0,0,0,0,0,0,0,0,1,0,392,189.0
257,전성환,4,8815,36,9.0,8,19,0.421052632,5,19,0.263157895,5,6,0.833333333,4,8,3.0,35,8.75,2,0,0,0,1,3,0,1,1,0,9,2,2,2019,0,0,0,0,0,0,1,0,0,0,0,0,42,178.2
258,전원석,5,5700,30,6.0,7,20,0.35,4,18,0.222222222,4,8,0.5,1,6,1.4,2,0.4,2,1,0,0,8,3,0,1,0,0,4,0,0,2005,0,0,1,0,0,0,0,0,0,0,0,0,63,190.0
259,전정규,7,14413,170,24.28571429,30,55,0.545454545,24,57,0.421052632,38,48,0.791666667,13,23,5.142857143,5,0.714285714,7,2,0,0,10,8,0,6,0,0,10,0,0,2005,0,0,0,0,0,0,0,0,1,0,0,0,669,187.0
260,전준범,5,6665,37,7.4,8,16,0.5,5,18,0.277777778,6,12,0.5,0,14,2.8,2,0.4,4,1,0,0,4,5,0,4,2,2,5,2,0,2013,0,0,0,0,0,0,0,0,1,0,0,0,731,194.0
261,전태영,5,10146,72,14.4,19,29,0.655172414,9,28,0.321428571,7,14,0.5,4,17,4.2,36,7.2,11,3,0,0,5,12,0,2,4,2,10,5,1,2017,0,0,0,1,0,0,0,0,0,0,0,0,10,182.4
262,전현우,5,8430,69,13.8,16,21,0.761904762,11,31,0.35483871,4,8,0.5,6,16,4.4,14,2.8,5,2,0,0,9,9,0,0,11,0,3,0,0,2018,0,0,1,0,0,0,0,0,0,0,0,0,698,194.0
263,전형수,4,7322,44,11.0,9,17,0.529411765,5,16,0.3125,11,15,0.733333333,2,17,4.75,5,1.25,4,0,0,0,5,6,0,6,0,0,6,0,0,2000,0,0,1,0,0,0,0,0,0,0,0,0,992,181.0
264,정강호,3,6561,58,19.33333333,18,31,0.580645161,2,9,0.222222222,16,20,0.8,7,14,7.0,1,0.333333333,2,5,0,0,5,5,0,3,3,0,10,1,1,2017,0,0,0,0,0,0,1,0,0,0,0,0,0,191.0
265,정대한,20,38846,275,13.75,55,124,0.443548387,47,143,0.328671329,24,31,0.774193548,19,38,2.85,53,2.65,19,2,0,0,20,25,0,21,20,6,44,37,4,2011,0,0,1,0,0,0,0,0,0,0,0,0,207,184.0
266,정민수,3,6307,41,13.66666667,14,23,0.608695652,2,10,0.2,7,11,0.636363636,4,2,2.0,27,9.0,4,0,0,0,2,8,0,2,4,1,5,2,0,2021,1,0,0,0,0,0,0,0,0,0,0,0,525,192.0
267,정병국,7,12614,99,14.14285714,33,44,0.75,8,15,0.533333333,9,12,0.75,6,18,3.428571429,5,0.714285714,8,1,0,0,6,9,0,6,0,0,9,0,0,2006,0,0,0,0,0,0,0,0,0,0,1,0,597,183.0
268,정봉영,22,21552,83,3.772727273,20,65,0.307692308,5,17,0.294117647,28,35,0.8,14,24,1.727272727,8,0.363636364,8,4,0,0,16,13,0,5,6,6,31,10,3,2011,0,0,0,0,0,0,0,1,0,0,0,0,0,187.0
269,정상헌,4,5339,29,7.25,7,11,0.636363636,3,13,0.230769231,6,8,0.75,2,3,1.25,3,0.75,1,0,0,0,5,8,0,2,0,0,9,0,0,2003,0,0,1,0,0,0,0,0,0,0,0,0,23,192.0
270,정성수,22,43223,116,5.272727273,20,46,0.434782609,20,70,0.285714286,16,26,0.615384615,11,77,4.0,115,5.227272727,30,0,0,0,6,22,0,22,10,5,27,51,10,2012,0,0,0,0,0,0,0,0,0,0,1,0,170,174.0
271,정성우,16,36135,268,16.75,77,167,0.461077844,20,74,0.27027027,54,69,0.782608696,24,39,3.9375,68,4.25,42,9,0,0,17,29,0,16,14,5,58,43,5,2015,0,0,0,0,0,0,1,0,0,0,0,0,300,178.0
272,정성호,16,25753,193,12.0625,17,44,0.386363636,49,138,0.355072464,12,18,0.666666667,21,50,4.4375,6,0.375,18,6,0,0,17,14,0,5,6,1,10,0,0,2015,0,0,0,0,0,0,0,0,1,0,0,0,169,194.0
273,정영삼,4,8049,41,10.25,11,29,0.379310345,4,15,0.266666667,7,8,0.875,7,11,4.5,1,0.25,0,0,0,0,7,6,0,6,0,0,5,0,0,2006,1,0,0,0,0,0,0,0,0,0,0,0,644,187.0
274,정의한,4,4657,10,2.5,3,10,0.3,0,4,0.0,4,4,1.0,2,5,1.75,3,0.75,2,0,0,0,2,4,0,3,0,0,5,0,0,2006,0,0,1,0,0,0,0,0,0,0,0,0,103,184.0
275,정인덕,16,27611,157,9.8125,49,96,0.510416667,15,64,0.234375,14,20,0.7,35,57,5.75,11,0.6875,18,15,1,1,23,13,0,12,7,1,19,4,0,2016,0,0,0,0,0,0,0,0,0,0,1,0,18,196.0
276,정재철,5,6729,53,10.6,11,17,0.647058824,6,19,0.315789474,13,15,0.866666667,8,10,3.6,7,1.4,7,0,0,0,8,8,0,2,0,0,11,0,0,2009,0,1,0,0,0,0,0,0,0,0,0,0,-3,183.0
277,정재호,4,8835,55,13.75,9,18,0.5,7,21,0.333333333,16,19,0.842105263,4,14,4.5,10,2.5,2,2,0,0,5,3,0,7,0,0,6,0,0,2004,0,1,0,0,0,0,0,0,0,0,0,0,674,180.0
278,정종현,3,4605,22,7.333333333,9,20,0.45,1,7,0.142857143,1,6,0.166666667,10,8,6.0,1,0.333333333,2,2,0,0,3,4,0,0,1,1,6,1,0,2021,0,0,0,0,1,0,0,0,0,0,0,0,23,202.6
279,정준수,16,33980,288,18.0,94,169,0.556213018,21,75,0.28,37,57,0.649122807,65,76,8.8125,22,1.375,15,2,0,0,22,27,0,2,18,12,45,0,0,2017,0,0,0,0,0,1,0,0,0,0,0,0,145,191.7
280,정준원,5,4406,42,8.4,16,32,0.5,3,5,0.6,1,5,0.2,2,2,0.8,2,0.4,1,0,0,0,5,3,0,1,7,4,1,10,0,2011,0,0,0,0,0,0,0,0,1,0,0,0,173,193.0
281,정진욱,4,7394,16,4.0,4,8,0.5,2,6,0.333333333,2,7,0.285714286,7,14,5.25,11,2.75,9,0,0,0,10,9,0,2,1,0,4,0,0,2018,0,0,0,0,0,0,1,0,0,0,0,0,3,183.3
282,정창영,4,8746,35,8.75,9,15,0.6,3,9,0.333333333,8,9,0.888888889,5,22,6.75,13,3.25,3,3,0,0,2,13,0,7,0,0,15,0,0,2010,0,0,1,0,0,0,0,0,0,0,0,0,457,193.0
283,정해원,16,36709,281,17.5625,52,106,0.490566038,51,161,0.316770186,24,41,0.585365854,21,44,4.0625,47,2.9375,42,9,0,0,25,12,0,4,22,6,33,25,9,2017,0,0,0,0,0,0,0,0,0,1,0,0,145,186.6
284,정효근,16,33852,316,19.75,101,180,0.561111111,20,74,0.27027027,54,85,0.635294118,46,102,9.25,49,3.0625,26,20,8,8,23,22,0,9,23,7,54,0,0,2014,0,0,0,0,0,0,0,0,0,0,0,1,636,202.0
285,정휘량,4,8892,73,18.25,21,39,0.538461538,7,16,0.4375,10,19,0.526315789,17,11,7.0,1,0.25,3,0,0,0,11,5,0,6,0,0,10,0,0,2007,0,0,0,1,0,0,0,0,0,0,0,0,187,198.0
286,정희원,4,6010,41,10.25,11,16,0.6875,4,19,0.210526316,7,7,1.0,6,12,4.5,0,0.0,5,4,0,0,3,5,0,2,10,0,3,2,0,2016,0,0,1,0,0,0,0,0,0,0,0,0,125,191.0
287,정희재,3,5337,42,14.0,18,30,0.6,0,1,0.0,6,9,0.666666667,8,14,7.333333333,0,0.0,5,3,0,0,4,5,0,2,3,0,10,0,0,2012,0,0,1,0,0,0,0,0,0,0,0,0,307,195.0
288,조상열,3,4418,43,14.33333333,8,14,0.571428571,7,20,0.35,6,6,1.0,4,6,3.333333333,3,1.0,3,0,0,0,3,7,0,4,7,3,10,0,0,2011,0,0,0,1,0,0,0,0,0,0,0,0,217,188.5
289,조성민,6,11784,104,17.33333333,26,44,0.590909091,9,40,0.225,25,29,0.862068966,5,30,5.833333333,12,2.0,12,0,0,0,2,13,0,7,0,0,9,0,0,2005,0,0,0,0,0,0,0,0,0,0,0,1,695,189.0
290,조용상,4,6367,38,9.5,7,12,0.583333333,6,15,0.4,6,10,0.6,6,11,4.25,0,0.0,1,4,0,0,10,6,0,7,0,0,11,0,0,2009,0,0,0,0,0,1,0,0,0,0,0,0,200,192.8
291,조효현,4,6632,47,11.75,11,20,0.55,2,11,0.181818182,19,26,0.730769231,2,8,2.5,12,3.0,6,0,0,0,4,13,0,5,0,0,5,0,0,2010,0,0,0,0,0,0,0,1,0,0,0,0,198,178.0
292,주긴완,3,5468,34,11.33333333,15,25,0.6,0,5,0.0,4,4,1.0,11,25,12.0,6,2.0,7,5,0,0,7,4,0,6,2,0,10,0,0,2016,0,0,0,0,0,1,0,0,0,0,0,0,33,192.0
293,주지훈,5,4418,46,9.2,21,31,0.677419355,0,1,0.0,4,5,0.8,13,12,5.0,0,0.0,5,0,1,1,5,3,0,1,0,1,4,0,0,2014,0,0,0,0,0,0,0,0,1,0,0,0,48,201.0
294,진경석,4,9355,120,30.0,19,34,0.558823529,20,48,0.416666667,22,29,0.75862069,6,16,5.5,5,1.25,6,2,0,0,4,6,0,5,0,0,9,0,0,2001,0,0,0,0,0,0,0,1,0,0,0,0,593,189.0
295,차민석,4,6840,33,8.25,10,32,0.3125,3,11,0.272727273,4,4,1.0,6,10,4.0,4,1.0,4,0,0,0,2,1,0,4,0,0,2,0,0,2010,1,0,0,0,0,0,0,0,0,0,0,0,12,194.0
296,차바위,22,48766,489,22.22727273,112,201,0.55721393,63,176,0.357954545,76,95,0.8,72,114,8.454545455,73,3.318181818,28,7,0,0,26,42,0,22,35,8,76,15,3,2011,0,0,0,0,0,0,0,0,0,0,0,1,576,192.0
297,차재영,7,14582,122,17.42857143,29,53,0.547169811,16,49,0.326530612,16,22,0.727272727,16,29,6.428571429,11,1.571428571,13,8,0,0,9,11,0,11,0,0,15,0,0,2007,0,0,1,0,0,0,0,0,0,0,0,0,354,193.0
298,천기범,6,10921,56,9.333333333,14,29,0.482758621,6,24,0.25,10,12,0.833333333,25,15,6.666666667,19,3.166666667,21,1,0,0,4,17,0,2,1,0,9,3,0,2016,0,0,0,0,0,0,0,0,1,0,0,0,557,186.0
299,천대현,4,6419,37,9.25,6,11,0.545454545,6,19,0.315789474,7,10,0.7,5,19,6.0,9,2.25,7,7,0,0,6,10,0,11,0,0,5,0,0,2007,0,0,0,0,1,0,0,0,0,0,0,0,346,193.0
300,천일환,3,1900,11,3.666666667,2,5,0.4,1,3,0.333333333,4,6,0.666666667,5,2,2.333333333,1,0.333333333,2,0,0,0,4,6,0,4,0,0,1,0,0,2003,0,1,0,0,0,0,0,0,0,0,0,0,7,184.0
301,천재민,16,13722,53,3.3125,6,21,0.285714286,12,39,0.307692308,5,7,0.714285714,8,16,1.5,7,0.4375,5,3,0,0,15,12,0,0,1,2,13,0,0,2018,0,0,0,0,0,0,0,0,1,0,0,0,52,189.8
302,최고봉,4,8716,116,29.0,38,57,0.666666667,5,16,0.3125,25,34,0.735294118,14,29,10.75,3,0.75,5,0,0,0,4,2,0,3,0,0,6,0,0,2006,0,0,0,0,0,0,0,0,0,1,0,0,97,186.0
303,최병훈,3,5966,32,10.66666667,7,18,0.388888889,5,13,0.384615385,3,4,0.75,5,6,3.666666667,0,0.0,5,0,0,0,3,4,0,2,0,0,3,0,0,1999,0,0,0,0,0,0,0,0,1,0,0,0,83,187.0
304,최성근,4,4768,21,5.25,10,26,0.384615385,0,2,0.0,1,2,0.5,8,7,3.75,2,0.5,0,0,0,0,5,6,0,3,0,0,11,0,0,2008,0,0,0,0,1,0,0,0,0,0,0,0,33,197.0
305,최성모,15,25976,211,14.06666667,71,122,0.581967213,9,27,0.333333333,42,55,0.763636364,18,57,5.0,32,2.133333333,17,5,0,1,8,34,0,8,12,4,19,3,0,2016,0,0,1,0,0,0,0,0,0,0,0,0,359,186.4
306,최성원,16,22812,106,6.625,32,72,0.444444444,8,36,0.222222222,18,30,0.6,13,24,2.3125,59,3.6875,14,1,0,0,6,19,0,4,9,7,30,3,1,2017,0,0,1,0,0,0,0,0,0,0,0,0,528,184.0
307,최수현,22,43045,131,5.954545455,45,96,0.46875,7,24,0.291666667,20,34,0.588235294,28,48,3.454545455,134,6.090909091,26,0,0,0,25,26,0,12,11,4,95,61,8,2012,0,0,0,0,0,0,0,0,0,1,0,0,191,180.0
308,최승태,4,5657,23,5.75,8,10,0.8,1,9,0.111111111,4,6,0.666666667,7,7,3.5,3,0.75,4,1,0,0,1,3,0,2,0,0,5,0,0,2003,0,0,0,0,0,0,0,0,1,0,0,0,66,188.0
309,최우연,16,7603,85,5.3125,35,54,0.648148148,4,9,0.444444444,3,6,0.5,18,22,2.5,4,0.25,2,1,0,0,13,9,0,3,4,2,15,12,0,2017,0,0,0,0,0,0,0,1,0,0,0,0,40,198.0
310,최원혁,4,8992,46,11.5,14,28,0.5,2,12,0.166666667,12,18,0.666666667,8,25,8.25,18,4.5,5,1,0,0,2,12,0,1,1,6,7,0,0,2014,0,0,0,0,0,0,0,0,0,0,0,1,238,183.0
311,최윤호,7,7593,49,7.0,12,25,0.48,7,18,0.388888889,4,7,0.571428571,5,18,3.285714286,6,0.857142857,3,0,0,0,3,8,0,4,1,0,6,0,0,2007,0,0,1,0,0,0,0,0,0,0,0,0,355,186.0
312,최준용,6,9713,121,20.16666667,50,81,0.617283951,2,12,0.166666667,15,19,0.789473684,26,45,11.83333333,12,2.0,5,6,0,0,5,8,0,3,6,0,16,0,1,2016,0,0,0,0,0,0,0,0,1,0,0,0,748,200.0
313,최진광,3,6343,49,16.33333333,11,24,0.458333333,7,16,0.4375,6,6,1.0,1,10,3.666666667,21,7.0,1,0,0,0,3,3,0,1,4,5,9,5,0,2019,1,0,0,0,0,0,0,0,0,0,0,0,87,175.7
314,최창진,14,23174,114,8.142857143,43,69,0.623188406,0,4,0.0,28,39,0.717948718,37,45,5.857142857,57,4.071428571,33,0,0,0,17,23,0,18,6,0,33,29,3,2015,0,1,0,0,0,0,0,0,0,0,0,0,175,185.0
315,최현민,21,33228,285,13.57142857,105,190,0.552631579,6,32,0.1875,57,96,0.59375,62,96,7.523809524,34,1.619047619,19,9,0,0,27,29,0,19,31,6,48,2,0,2011,0,0,0,0,0,0,0,0,0,0,1,0,472,195.0
316,하도현,16,29266,286,17.875,97,162,0.598765432,8,29,0.275862069,68,90,0.755555556,82,98,11.25,51,3.1875,11,19,0,0,13,11,0,5,24,10,31,11,0,2017,0,0,0,1,0,0,0,0,0,0,0,0,137,197.1
317,하재필,7,13751,95,13.57142857,40,68,0.588235294,0,2,0.0,15,22,0.681818182,23,38,8.714285714,13,1.857142857,5,13,0,0,13,10,0,7,2,0,20,0,0,2007,0,0,1,0,0,0,0,0,0,0,0,0,293,200.0
318,한상민,4,6047,32,8.0,8,14,0.571428571,3,10,0.3,7,9,0.777777778,4,5,2.25,4,1.0,2,0,0,0,4,9,0,7,0,0,10,0,0,2003,0,1,0,0,0,0,0,0,0,0,0,0,24,180.0
319,한상혁,3,5802,37,12.33333333,13,28,0.464285714,3,13,0.230769231,2,8,0.25,3,9,4.0,10,3.333333333,5,0,0,0,4,2,0,3,4,1,10,11,3,2015,0,0,0,0,0,0,0,0,0,0,0,1,130,183.0
320,한성원,5,8507,65,13.0,17,36,0.472222222,8,20,0.4,7,9,0.777777778,4,7,2.2,10,2.0,6,0,0,0,4,10,0,2,7,1,7,1,0,2014,0,1,0,0,0,0,0,0,0,0,0,0,127,180.0
321,한승희,3,4367,42,14.0,18,27,0.666666667,0,2,0.0,6,10,0.6,4,16,6.666666667,3,1.0,5,1,0,0,1,6,0,0,4,1,13,1,0,2020,0,0,0,0,0,0,0,0,1,0,0,0,64,196.0
322,한정훈,3,5549,46,15.33333333,6,10,0.6,11,21,0.523809524,1,1,1.0,1,7,2.666666667,2,0.666666667,4,0,0,0,2,4,0,5,0,0,6,0,0,2001,0,0,1,0,0,0,0,0,0,0,0,0,262,185.0
323,한호빈,16,37411,243,15.1875,81,153,0.529411765,13,50,0.26,42,59,0.711864407,26,38,4.0,91,5.6875,35,2,0,0,3,15,0,14,16,10,63,33,6,2013,1,0,0,0,0,0,0,0,0,0,0,0,241,180.0
324,한희원,5,9267,89,17.8,36,57,0.631578947,3,28,0.107142857,8,14,0.571428571,11,25,7.2,6,1.2,5,2,0,0,6,6,0,5,10,2,8,0,0,2015,0,1,0,0,0,0,0,0,0,0,0,0,266,195.0
325,함준후,5,8872,57,11.4,17,30,0.566666667,6,14,0.428571429,5,7,0.714285714,2,17,3.8,4,0.8,2,2,0,0,2,7,0,6,0,0,9,0,0,2010,0,0,0,0,0,0,0,0,0,0,1,0,164,195.0
326,함지훈,7,12680,87,12.42857143,34,58,0.586206897,0,1,0.0,19,25,0.76,16,29,6.428571429,12,1.714285714,13,6,0,0,2,13,0,15,0,0,15,0,0,2006,0,0,0,0,0,0,0,0,0,0,1,0,1097,198.0
327,허웅,16,28694,226,14.125,61,107,0.570093458,24,85,0.282352941,32,38,0.842105263,16,34,3.125,28,1.75,28,1,0,0,12,16,0,9,23,7,31,0,1,2014,0,0,0,0,0,0,0,0,1,0,0,0,843,185.0
328,허일영,6,13920,130,21.66666667,29,59,0.491525424,18,47,0.382978723,18,22,0.818181818,19,38,9.5,4,0.666666667,7,1,0,0,4,6,0,7,0,0,10,0,0,2008,1,0,0,0,0,0,0,0,0,0,0,0,648,196.0
329,허중,3,3166,10,3.333333333,0,3,0.0,1,2,0.5,7,10,0.7,5,2,2.333333333,4,1.333333333,1,0,0,0,4,5,0,3,0,0,6,0,0,1999,0,0,0,0,0,0,0,0,1,0,0,0,18,180.0
330,허진성,6,14090,62,10.33333333,18,40,0.45,6,25,0.24,8,11,0.727272727,7,27,5.666666667,14,2.333333333,7,1,0,0,4,14,0,6,0,0,10,0,0,2008,1,0,0,0,0,0,0,0,0,0,0,0,149,182.0
331,허효진,6,6475,38,6.333333333,11,20,0.55,3,10,0.3,7,7,1.0,6,6,2.0,3,0.5,1,0,0,0,1,3,0,2,0,0,4,0,0,2006,0,0,0,0,0,0,0,0,0,0,1,0,311,190.0
332,허훈,16,19950,211,13.1875,62,115,0.539130435,18,58,0.310344828,33,43,0.76744186,11,16,1.6875,68,4.25,20,1,0,0,7,16,0,1,15,4,24,3,2,2017,0,0,0,0,0,0,0,0,1,0,0,0,0,180.0
333,홍경기,4,8693,51,12.75,8,14,0.571428571,10,27,0.37037037,5,6,0.833333333,5,13,4.5,5,1.25,2,2,0,0,0,8,0,1,0,0,10,0,0,2010,0,0,1,0,0,0,0,0,0,0,0,0,362,184.0
334,홍석민,16,18437,106,6.625,26,61,0.426229508,17,43,0.395348837,3,5,0.6,17,55,4.5,14,0.875,1,6,1,1,12,16,0,1,1,0,14,1,1,2017,0,0,0,0,1,0,0,0,0,0,0,0,2,197.0
335,홍성헌,4,8671,84,21.0,32,72,0.444444444,0,3,0.0,20,27,0.740740741,19,19,9.5,3,0.75,0,1,0,0,8,6,0,10,0,0,7,0,0,2006,0,0,0,0,0,0,0,1,0,0,0,0,-1,195.0
336,홍수화,4,7424,64,16.0,21,36,0.583333333,3,15,0.2,13,17,0.764705882,16,12,7.0,0,0.0,5,0,0,0,6,8,0,4,0,0,16,0,0,2009,0,0,0,0,0,0,0,0,0,0,0,1,333,194.5
337,황진원,4,8587,57,14.25,17,23,0.739130435,2,8,0.25,17,20,0.85,6,9,3.75,8,2.0,4,1,0,0,6,4,0,2,0,0,14,0,0,2000,0,0,0,0,0,0,0,0,0,0,1,0,956,188.0
